0,0.015,0.015,0.015,0.015,0.015,0.000296302808250229
0.0,0.01500000692024901,0.015000000000117926,0.015000002449150066,0.015000169598961515,0.015000000000118878,0.00029630280825022643
0.01,0.01508980847367059,0.015032817479082975,0.015121912522323333,0.015158509934570099,0.01500217218797287,0.00029229275403220314
0.02,0.015096884426272932,0.015057300864224776,0.015115763321664632,0.015150547476718276,0.015004304313810207,0.00028852453200523383
0.03,0.015100974110945195,0.015074117404874384,0.015110219769951548,0.015143366260345141,0.015006293185821013,0.0002859593525225376
0.04,0.01510288639131275,0.015085310662415063,0.015105177203150837,0.015136831557176498,0.015008151425834842,0.00028425790704348774
0.049999999999999996,0.015103230812226006,0.01509239899341406,0.015100554650082776,0.015130839087108303,0.015009889728311781,0.00028317608021396096
0.06,0.015102462868027267,0.0150965073177072,0.015096289207756951,0.015125307810492174,0.015011517279410132,0.00028253904893324873
0.06999999999999999,0.015100920618079904,0.015098467083233766,0.01509233168668692,0.015120174338930358,0.015013042076056467,0.000282220655267457
0.08,0.015098853469225801,0.01509889150968201,0.015088643281638935,0.015115388656956864,0.01501447116834428,0.0002821293686053489
0.09,0.015096444376367951,0.015098231909709763,0.015085193048251648,0.015110910876194525,0.015015810843693606,0.00028219854762884277
0.09999999999999999,0.015093826745525273,0.015096819678798643,0.015081956001586667,0.015106708787642954,0.015017066767051801,0.00028237957767679255
0.11,0.01509109718733378,0.015094897511799467,0.015078911688713519,0.015102756023081018,0.015018244088044462,0.0002826369744918869
0.12,0.015088325078092846,0.015092642563682979,0.0150760431194946,0.015099030677211297,0.015019347523331695,0.00028294485748615243
0.13,0.015085559694587873,0.015090183609070848,0.015073335966424538,0.015095514276167461,0.015020381420378178,0.0002832843908767311
0.13999999999999999,0.015082835520609902,0.015087613742888315,0.015070777965731344,0.015092191005287721,0.015021349807282718,0.00028364191677006785
0.15,0.0150801761839248,0.01508499977416264,0.015068358468615907,0.015089047130403953,0.015022256432136633,0.00028400758739514285
0.16,0.015077597371640713,0.015082389170431192,0.015066068104297605,0.015086070563303784,0.01502310479449399,0.0002843743599083875
0.16999999999999998,0.015075108985786822,0.01507981518940717,0.015063898526243702,0.015083250534495177,0.015023898170878196,0.00028473725596340517
0.18,0.015072716735011898,0.015077300669807208,0.015061842220267322,0.015080577345798903,0.015024639635755841,0.0002850928154042751
0.19,0.015070423308425032,0.015074860830728254,0.015059892358653834,0.01507804218234076,0.015025332079045281,0.0002854386927252684
0.19999999999999998,0.01506822924012159,0.01507250533806218,0.015058042688557989,0.01507563696877384,0.015025978220954745,0.00028577335876978126
0.21,0.015066133544922833,0.015070239829099592,0.015056287445947922,0.015073354258471025,0.01502658062474342,0.00028609588014081596
0.22,0.015064134184997663,0.015068067036640494,0.015054621288631024,0.015071187147341063,0.015027141707851287,0.0002864057560711527
0.22999999999999998,0.01506222841153682,0.015065987617079312,0.015053039243564187,0.015069129206073196,0.01502766375173027,0.0002867027978198079
0.24,0.015060413014160688,0.015064000759689035,0.015051536664893183,0.015067174426218384,0.015028148910630592,0.0002869870395651058
0.25,0.015058684502229169,0.01506210463419223,0.015050109200081496,0.015065317176697915,0.015028599219531008,0.0002872586726366891
0.26,0.015057039235924434,0.015060296718828409,0.015048752762168301,0.015063552168207319,0.015029016601360398,0.00028751799704722494
0.26999999999999996,0.015055473520317312,0.015058574040126602,0.015047463506698569,0.015061874423634066,0.015029402873621953,0.0002877653858493456
0.27999999999999997,0.015053983672183973,0.015056933347465468,0.01504623781224084,0.0150602792530888,0.015029759754505568,0.00028800125900050905
0.29,0.015052566066789532,0.015055371239489995,0.015045072263682872,0.01505876223250494,0.01503008886855793,0.00028822606427566036
0.3,0.015051217169973825,0.015053884255013611,0.015043963637700896,0.015057319185027094,0.015030391751962881,0.00028844026340212313
0.31,0.015049933559480163,0.015052468937744956,0.015042908889949124,0.01505594616460391,0.015030669857474751,0.00028864432206206236
0.32,0.015048711938438087,0.015051121881750288,0.015041905143627505,0.015054639441344615,0.015030924559041205,0.0002888387027568537
0.32999999999999996,0.015047549143151442,0.015049839762763247,0.01504094967917207,0.015053395488310528,0.015031157156142259,0.0002890238597866315
0.33999999999999997,0.015046442146775566,0.015048619359120843,0.015040039924869476,0.015052210969486304,0.015031368877871092,0.0002892002357908702
0.35,0.015045388060055554,0.015047457565123205,0.015039173448248308,0.01505108272874184,0.015031560886776974,0.0002893682594383454
0.36,0.015044384129985853,0.015046351398882486,0.015038347948130595,0.015050007779635447,0.01503173428248742,0.0002895283439608399
0.37,0.015043427737024603,0.015045298006186808,0.015037561247254303,0.015048983295944167,0.015031890105125598,0.00028968088630402497
0.38,0.01504251639132855,0.015044294661508731,0.015036811285396077,0.015048006602830967,0.015032029338536215,0.0002898262667268741
0.38999999999999996,0.015041647728347143,0.015043338766985666,0.01503609611293816,0.015047075168577303,0.0150321529133322,0.0002899648487252031
0.39999999999999997,0.01504081950402514,0.015042427849987371,0.015035413884834105,0.015046186596823484,0.015032261709774355,0.00029009697918642183
0.41,0.015040029589792666,0.015041559559717867,0.015034762854936459,0.01504533861926996,0.015032356560491403,0.0002902229887073448
0.42,0.015039275967472496,0.015040731663182332,0.015034141370655197,0.01504452908880013,0.01503243825305339,0.00029034319202420896
0.43,0.015038556724197308,0.01503994204075999,0.015033547867921267,0.015043755972992148,0.015032507532403686,0.00029045788851752544
0.44,0.0150378700474009,0.01503918868155585,0.015032980866432679,0.015043017347991247,0.015032565103159326,0.00029056736276449914
0.44999999999999996,0.015037214219929275,0.01503846967866012,0.015032438965163401,0.015042311392717667,0.015032611631786602,0.0002906718851185025
0.45999999999999996,0.015036587615301111,0.015037783224403358,0.01503192083811867,0.015041636383389555,0.015032647748659464,0.0002907717123012311
0.47,0.015035988693137402,0.015037127605673224,0.015031425230320698,0.01504099068834045,0.015032674050005825,0.0002908670879965813
0.48,0.015035415994770651,0.01503650119933479,0.015030950954010793,0.015040372763113981,0.015032691099749241,0.0002909582434388722
0.49,0.015034868139040678,0.015035902467786393,0.015030496885056133,0.015039781145820663,0.015032699431251169,0.00029104539798979154
0.5,0.015034343818277446,0.015035329954669129,0.01503006195954855,0.01503921445274097,0.015032699548959144,0.00029112875970045433
0.51,0.015033841794470537,0.015034782280742615,0.015029645170585467,0.015038671374162135,0.015032691929966273,0.00029120852585593773
0.52,0.015033360895620735,0.015034258139931948,0.015029245565221958,0.015038150670434822,0.0150326770254864,0.00029128488350080404
0.53,0.015032900012270272,0.01503375629554972,0.015028862241585663,0.01503765116823895,0.015032655262249764,0.00029135800994447864
0.5399999999999999,0.015032458094204823,0.015033275576690144,0.015028494346145203,0.015037171757047118,0.015032627043823769,0.00029142807324627535
0.5499999999999999,0.015032034147321785,0.015032814874794572,0.015028141071123975,0.015036711385775054,0.015032592751862327,0.0002914952326797401
0.5599999999999999,0.015031627230657606,0.015032373140383129,0.015027801652051314,0.015036269059608982,0.015032552747287924,0.000291559639176546
0.57,0.01503123645356757,0.015031949379946766,0.015027475365444415,0.015035843837001503,0.015032507371409848,0.0002916214357504428
0.58,0.015030860973051601,0.015031542652996145,0.015027161526613288,0.015035434826826122,0.015032456946982537,0.00029168075790140694
0.59,0.015030499991218346,0.015031152069257986,0.015026859487582832,0.015035041185682907,0.015032401779206409,0.000291737734000984
0.6,0.015030152752882204,0.015030776786016326,0.015026568635125482,0.015034662115346755,0.015032342156675347,0.0002917924856590235
0.61,0.015029818543285747,0.015030416005589133,0.015026288388898757,0.0150342968603513,0.015032278352272672,0.0002918451280728239
0.62,0.015029496685942174,0.015030068972936432,0.015026018199682196,0.015033944705701121,0.01503221062401847,0.00029189577035907603
0.63,0.015029186540590947,0.015029734973392146,0.01502575754770795,0.01503360497470498,0.015032139215872396,0.0002919445158695731
0.64,0.015028887501261539,0.015029413330514123,0.015025505941080888,0.015033277026924991,0.015032064358492322,0.00029199146249120654
0.65,0.015028598994439845,0.01502910340404746,0.015025262914283079,0.015032960256234712,0.015031986269952322,0.00029203670293092323
0.6599999999999999,0.015028320477331466,0.015028804587994488,0.015025028026757856,0.0150326540889804,0.015031905156421844,0.00029208032498637387
0.6699999999999999,0.015028051436217004,0.015028516308785817,0.015024800861569761,0.015032357982240433,0.015031821212808364,0.00029212241180293764
0.6799999999999999,0.015027791384895161,0.015028238023548956,0.015024581024136128,0.015032071422177502,0.015031734623365663,0.0002921630421175967
0.69,0.015027539863207937,0.01502796921846698,0.015024368141026364,0.015031793922478554,0.015031645562268705,0.0002922022904905374
0.7,0.015027296435645052,0.015027709407225448,0.015024161858825737,0.015031525022878255,0.015031554194158286,0.00029224022752474994
0.71,0.015027060690022248,0.015027458129540629,0.015023961843059933,0.015031264287761265,0.015031460674655299,0.0002922769200744795
0.72,0.015026832236230322,0.015027214949766683,0.01502376777717701,0.015031011304838946,0.015031365150848384,0.0002923124314428344
0.73,0.015026610705050677,0.015026979455575847,0.015023579361584258,0.015030765683897242,0.01503126776175456,0.00029234682156933483
0.74,0.015026395747034441,0.015026751256710037,0.015023396312736323,0.015030527055611084,0.015031168638755405,0.0002923801472075833
0.75,0.015026187031440872,0.015026529983797375,0.015023218362272339,0.015030295070422374,0.015031067906009297,0.00029241246209390153
0.76,0.015025984245233352,0.015026315287233413,0.015023045256199546,0.015030069397478297,0.015030965680841555,0.0002924438171070585
0.77,0.015025787092128196,0.015026106836120292,0.015022876754120453,0.01502984972362618,0.015030862074114146,0.00029247426041977275
0.7799999999999999,0.01502559529169514,0.01502590431726419,0.015022712628501564,0.015029635752462292,0.015030757190574447,0.00029250383764222593
0.7899999999999999,0.01502540857850535,0.015025707434224687,0.015022552663981512,0.01502942720343176,0.01503065112918591,0.00029253259195817516
0.7999999999999999,0.015025226701325564,0.015025515906416334,0.015022396656716001,0.015029223810976478,0.01503054398344056,0.0002925605642538115
0.8099999999999999,0.01502504942235513,0.015025329468257553,0.015022244413758124,0.015029025323728736,0.015030435841655039,0.0002925877932399029
0.82,0.01502487651650398,0.01502514786836449,0.015022095752472384,0.015028831503748792,0.015030326787250034,0.0002926143155676299
0.83,0.015024707770709255,0.01502497086878914,0.015021950499979215,0.015028642125802029,0.015030216899015222,0.00029264016593817335
0.84,0.015024542983288711,0.0150247982442973,0.015021808492630349,0.015028456976676185,0.015030106251359653,0.0002926653772066214
0.85,0.015024381963328918,0.01502462978168596,0.015021669575511912,0.015028275854534668,0.015029994914548487,0.00029268998048032123
0.86,0.015024224530105981,0.015024465279136713,0.015021533601974182,0.015028098568304466,0.015029882954927324,0.0002927140052121343
0.87,0.015024070512537529,0.015024304545603754,0.015021400433186881,0.015027924937097347,0.015029770435134222,0.00029273747928868356
0.88,0.015023919748664192,0.015024147400235199,0.015021269937718223,0.01502775478966183,0.01502965741430039,0.00029276042911397236
0.89,0.015023772085158892,0.01502399367182505,0.01502114199113673,0.015027587963864856,0.015029543948239615,0.0002927828796885392
0.8999999999999999,0.015023627376862397,0.015023843198294801,0.015021016475634136,0.015027424306200918,0.015029430089628074,0.00029280485468443783
0.9099999999999999,0.015023485486343897,0.015023695826202315,0.015020893279669215,0.015027263671328173,0.015029315888174325,0.0002928263765162563
0.9199999999999999,0.015023346283485332,0.015023551410277758,0.0150207722976303,0.015027105921629218,0.015029201390779632,0.00029284746640834684
0.9299999999999999,0.015023209645087583,0.015023409812983814,0.015020653429515755,0.015026950926794956,0.015029086641690071,0.000292868144458492
0.94,0.015023075454498835,0.015023270904100822,0.015020536580632342,0.01502679856343183,0.0150289716826405,0.00029288842969807437
0.95,0.015022943601261506,0.015023134560331788,0.01502042166130917,0.015026648714689362,0.015028856552990664,0.0002929083401492862
0.96,0.015022813980779651,0.01502300066493112,0.015020308586627758,0.015026501269908576,0.015028741289853625,0.00029292789287905813
0.97,0.015022686494003058,0.015022869107351797,0.015020197276165692,0.015026356124288225,0.015028625928217569,0.0002929471040502371
0.98,0.015022561047128966,0.015022739782912044,0.015020087653754774,0.015026213178569767,0.015028510501061153,0.0002929659889699868
0.99,0.015022437551319962,0.015022612592480118,0.015019979647252223,0.015026072338739408,0.015028395039462307,0.0002929845621356053
1.0,0.015022315922436334,0.015022487442175088,0.015019873188323742,0.015025933515745535,0.015028279572701812,0.0002930028372779743
1.01,0.01502219608078361,0.015022364243085048,0.01501976821223855,0.015025796625231786,0.01502816412835973,0.00029302082740256097
1.02,0.015022077950873266,0.015022242910999349,0.01501966465767561,0.015025661587284607,0.015028048732408953,0.0002930385448283491
1.03,0.015021961461196479,0.015022123366155979,0.015019562466540012,0.015025528326194115,0.015027933409301674,0.0002930560012245917
1.04,0.015021846544010044,0.015022005533002257,0.015019461583789423,0.015025396770228029,0.015027818182052172,0.0002930732076456586
1.05,0.015021733135133579,0.015021889339968309,0.015019361957269557,0.015025266851417324,0.015027703072315024,0.00029309017456399333
1.06,0.015021621173757996,0.015021774719252718,0.015019263537559136,0.015025138505354274,0.015027588100458811,0.000293106911901345
1.07,0.015021510602264008,0.015021661606619899,0.015019166277822524,0.01502501167100049,0.015027473285636422,0.0002931234290582849
1.0799999999999998,0.015021401366050867,0.015021549941208556,0.015019070133671009,0.015024886290506193,0.01502735864584995,0.0002931397349421266
1.0899999999999999,0.015021293413373599,0.01502143966534986,0.015018975063030746,0.015024762309038181,0.01502724419801519,0.0002931558379934154
1.0999999999999999,0.015021186695189708,0.015021330724395838,0.015018881026018706,0.015024639674618182,0.015027129958019383,0.00029317174621095935
1.1099999999999999,0.015021081165013593,0.015021223066557104,0.015018787984824249,0.015024518337968624,0.015027015940777723,0.0002931874671754991
1.1199999999999999,0.015020976778779171,0.015021116642748784,0.015018695903598198,0.015024398252368064,0.015026902160286197,0.0002932030080721693
1.13,0.01502087349471009,0.015021011406445567,0.015018604748347516,0.015024279373513966,0.015026788629671592,0.00029321837571167654
1.14,0.015020771273195977,0.015020907313543684,0.01501851448683473,0.015024161659391697,0.015026675361239278,0.00029323357655040437
1.15,0.015020670076676634,0.015020804322230966,0.015018425088484453,0.01502404507015267,0.015026562366517605,0.0002932486167094192
1.16,0.01502056986953148,0.015020702392863601,0.015018336524293482,0.015023929567997269,0.015026449656300438,0.0002932635019924398
1.17,0.015020470617975382,0.015020601487849396,0.015018248766746577,0.01502381511706506,0.015026337240687526,0.00029327823790289894
1.18,0.015020372289960152,0.015020501571537977,0.015018161789736407,0.015023701683330488,0.01502622512912208,0.0002932928296599811
1.19,0.01502027485508117,0.015020402610116014,0.015018075568488085,0.015023589234504586,0.01502611333042706,0.00029330728221392083
1.2,0.01502017828448906,0.015020304571508674,0.015017990079487491,0.015023477739941527,0.015026001852838856,0.0002933216002604097
1.21,0.015020082550806169,0.01502020742528619,0.015017905300413598,0.015023367170550441,0.01502589070403948,0.0002933357882542422
1.22,0.015019987628047859,0.015020111142576132,0.015017821210074497,0.015023257498712056,0.015025779891187072,0.0002933498504221928
1.23,0.015019893491547245,0.015020015695978684,0.015017737788346754,0.01502314869819972,0.015025669420944366,0.0002933637907752868
1.24,0.015019800117884731,0.015019921059488293,0.015017655016118079,0.015023040744104613,0.015025559299506776,0.00029337761312037245
1.25,0.015019707484821107,0.015019827208418698,0.015017572875233153,0.015022933612765205,0.015025449532626736,0.00029339132107102724
1.26,0.015019615571234237,0.015019734119332212,0.015017491348442314,0.015022827281700362,0.01502534012563902,0.00029340491805792383
1.27,0.015019524357059066,0.015019641769972572,0.01501741041935295,0.015022721729546008,0.015025231083483526,0.0002934184073386288
1.28,0.015019433823231124,0.015019550139201861,0.015017330072383674,0.015022616935995405,0.015025122410726953,0.00029343179200685824
1.29,0.015019343951632657,0.015019459206940085,0.015017250292720793,0.01502251288174242,0.015025014111583551,0.00029344507500129964
1.3,0.015019254725042216,0.015019368954109078,0.015017171066277266,0.015022409548428041,0.015024906189934576,0.00029345825911383447
1.3099999999999998,0.015019166127086415,0.015019279362578231,0.015017092379653825,0.015022306918589705,0.01502479864934663,0.0002934713469974762
1.3199999999999998,0.015019078142194522,0.015019190415114077,0.015017014220101935,0.015022204975613046,0.015024691493089123,0.0002934843411737442
1.3299999999999998,0.015018990755555722,0.015019102095332108,0.01501693657548947,0.015022103703687083,0.015024584724150894,0.0002934972440397297
1.3399999999999999,0.015018903953078283,0.01501901438765142,0.015016859434267334,0.015022003087760841,0.01502447834525567,0.0002935100578747322
1.3499999999999999,0.015018817721351194,0.015018927277251615,0.015016782785438583,0.015021903113503005,0.015024372358876884,0.00029352278484656046
1.3599999999999999,0.015018732047607737,0.015018840750032259,0.015016706618528742,0.015021803767263272,0.015024266767251675,0.00029353542701749194
1.3699999999999999,0.015018646919691223,0.015018754792574394,0.015016630923558153,0.015021705036036321,0.015024161572393965,0.0002935479863498899
1.38,0.015018562326022143,0.015018669392103891,0.015016555691015315,0.015021606907427038,0.015024056776107051,0.0002935604647115741
1.39,0.01501847825556757,0.015018584536457213,0.015016480911832109,0.015021509369618241,0.0150239523799954,0.00029357286388084905
1.4,0.01501839469781201,0.015018500214048762,0.015016406577360173,0.01502141241133989,0.015023848385475823,0.00029358518555127786
1.41,0.015018311642729825,0.015018416413840168,0.01501633267934852,0.015021316021839927,0.015023744793788044,0.00029359743133618735
1.42,0.015018229080758932,0.01501833312531072,0.015016259209922325,0.015021220190856574,0.015023641606004534,0.000293609602772994
1.43,0.015018147002776473,0.015018250338430258,0.01501618616156311,0.015021124908592566,0.015023538823040632,0.0002936217013271812
1.44,0.01501806540007515,0.015018168043632738,0.015016113527089574,0.01502103016569014,0.015023436445662406,0.00029363372839617764
1.45,0.015017984264341361,0.015018086231791739,0.015016041299639899,0.015020935953207974,0.015023334474495926,0.00029364568531294256
1.46,0.015017903587634196,0.015018004894196826,0.015015969472654855,0.015020842262599135,0.015023232910035017,0.0002936575733494311
1.47,0.015017823362365415,0.015017924022531515,0.015015898039861275,0.015020749085689613,0.015023131752648812,0.0002936693937198274
1.48,0.015017743581281308,0.015017843608852612,0.015015826995257678,0.015020656414659507,0.015023031002588966,0.0002936811475835679
1.49,0.015017664237444503,0.015017763645570056,0.015015756333099371,0.015020564242023639,0.01502293065999632,0.00029369283604831464
1.5,0.015017585324217347,0.015017684125428322,0.015015686047884972,0.015020472560613993,0.015022830724907434,0.00029370446017264846
1.51,0.015017506835246199,0.015017605041488833,0.015015616134343747,0.015020381363563174,0.015022731197260551,0.0002937160209686882
1.52,0.015017428764446158,0.015017526387112852,0.015015546587423214,0.015020290644288302,0.015022632076901368,0.00029372751940456946
1.53,0.015017351105987184,0.01501744815594603,0.01501547740227786,0.01502020039647626,0.015022533363588372,0.00029373895640672805
1.54,0.015017273854280476,0.015017370341903183,0.0150154085742581,0.01502011061406933,0.01502243505699811,0.0002937503328621238
1.5499999999999998,0.015017197003965805,0.015017292939154039,0.015015340098900097,0.015020021291251871,0.015022337156729876,0.000293761649620338
1.5599999999999998,0.015017120549899515,0.01501721594210981,0.01501527197191594,0.015019932422437673,0.015022239662310349,0.00029377290749553464
1.5699999999999998,0.015017044487143236,0.015017139345410761,0.015015204189184584,0.01501984400225784,0.015022142573198068,0.00029378410726829657
1.5799999999999998,0.01501696881095297,0.015017063143913769,0.015015136746742923,0.0150197560255495,0.015022045888787042,0.00029379524968744104
1.5899999999999999,0.015016893516769011,0.015016987332681123,0.015015069640777721,0.015019668487345076,0.015021949608411288,0.0002938063354716652
1.5999999999999999,0.01501681860020633,0.015016911906969873,0.015015002867617719,0.015019581382862034,0.015021853731348069,0.0002938173653111127
1.6099999999999999,0.015016744057045337,0.015016836862221395,0.01501493642372619,0.01501949470749323,0.01502175825682146,0.0002938283398688984
1.6199999999999999,0.015016669883223421,0.01501676219405198,0.015014870305694109,0.015019408456797941,0.015021663184005624,0.0002938392597824984
1.63,0.015016596074826699,0.01501668789824357,0.015014804510233432,0.015019322626493147,0.01502156851202789,0.00029385012566510355
1.64,0.015016522628082365,0.015016613970735209,0.015014739034170936,0.015019237212445484,0.015021474239971681,0.0002938609381068724
1.65,0.015016449539351296,0.015016540407614814,0.015014673874442174,0.015019152210663366,0.015021380366879297,0.0002938716976761463
1.66,0.015016376805121244,0.01501646720511146,0.01501460902808603,0.01501906761728989,0.01502128689175455,0.0002938824049205737
1.67,0.015016304422000129,0.015016394359588158,0.01501454449223913,0.015018983428595527,0.015021193813565183,0.0002938930603681784
1.68,0.015016232386710059,0.015016321867534764,0.015014480264131212,0.015018899640972142,0.015021101131245204,0.00029390366452839605
1.69,0.015016160696081018,0.015016249725560852,0.015014416341080115,0.015018816250926407,0.015021008843697125,0.00029391421789303585
1.7,0.015016089347046676,0.015016177930392444,0.015014352720487345,0.015018733255074036,0.015020916949794124,0.00029392472093717236
1.71,0.015016018336637134,0.01501610647886153,0.01501428939983392,0.015018650650134378,0.015020825448381899,0.0002939351741198728
1.72,0.015015947661975336,0.015016035367903663,0.015014226376676263,0.015018568432925063,0.01502073433828061,0.00029394557788535545
1.73,0.01501587732027202,0.015015964594552043,0.01501416364864236,0.01501848660035698,0.015020643618286474,0.00029395593266346186
1.74,0.015015807308821271,0.015015894155932373,0.015014101213428246,0.015018405149429696,0.015020553287173733,0.00029396623887048437
1.75,0.015015737624996355,0.015015824049258296,0.015014039068794541,0.015018324077226976,0.015020463343696007,0.00029397649690984047
1.76,0.015015668266245662,0.015015754271826807,0.015013977212563263,0.01501824338091256,0.015020373786587807,0.0002939867071727455
1.77,0.015015599230089008,0.015015684821014149,0.015013915642614745,0.015018163057726215,0.015020284614566034,0.00029399687003881783
1.78,0.015015530514114046,0.015015615694271801,0.01501385435688476,0.015018083104979943,0.015020195826331196,0.0002940069858766633
1.7899999999999998,0.015015462115972907,0.015015546889122728,0.015013793353361784,0.015018003520054434,0.015020107420568645,0.00029401705504443113
1.7999999999999998,0.015015394033378976,0.015015478403157725,0.01501373263008442,0.01501792430039569,0.015020019395950133,0.0002940270778903456
1.8099999999999998,0.015015326264103934,0.015015410234032175,0.015013672185138964,0.015017845443511866,0.015019931751134306,0.0002940370547531853
1.8199999999999998,0.015015258805974836,0.015015342379462776,0.015013612016657024,0.015017766946970159,0.015019844484768239,0.00029404698596276543
1.8299999999999998,0.015015191656871417,0.015015274837224495,0.015013552122813379,0.015017688808394021,0.01501975759548821,0.00029405687184038125
1.8399999999999999,0.015015124814723543,0.015015207605147738,0.01501349250182388,0.015017611025460426,0.015019671081920826,0.0002940667126992265
1.8499999999999999,0.015015058277508793,0.015015140681115664,0.015013433151943494,0.015017533595897303,0.015019584942683696,0.00029407650884478445
1.8599999999999999,0.015014992043250177,0.01501507406306159,0.015013374071464478,0.015017456517481176,0.01501949917638642,0.0002940862605752157
1.8699999999999999,0.015014926110014079,0.015015007748966592,0.015013315258714783,0.015017379788035079,0.015019413781631444,0.0002940959681817021
1.88,0.01501486047590763,0.015014941736857194,0.015013256712055495,0.015017303405425182,0.015019328757014613,0.00029410563194879447
1.89,0.015014795139077582,0.015014876024803081,0.015013198429880602,0.015017227367560587,0.01501924410112595,0.00029411525215473753
1.9,0.015014730097708016,0.015014810610915245,0.01501314041061471,0.015017151672390209,0.01501915981255049,0.0002941248290717581
1.91,0.015014665350018627,0.015014745493343916,0.015013082652711677,0.015017076317901154,0.015019075889868658,0.0002941343629663508
1.92,0.015014600894263114,0.015014680670276741,0.015013025154653427,0.015017001302116993,0.01501899233165701,0.00029414385409956274
1.93,0.01501453672872765,0.015014616139937082,0.015012967914948579,0.015016926623096146,0.015018909136488815,0.0002941533027272282
1.94,0.015014472851729285,0.015014551900582224,0.015012910932131265,0.01501685227893023,0.015018826302934479,0.0002941627091002408
1.95,0.015014409261614736,0.015014487950502064,0.015012854204760047,0.015016778267742708,0.015018743829562161,0.00029417207346475087
1.96,0.015014345956758797,0.015014424288017181,0.015012797731416781,0.015016704587687361,0.015018661714938122,0.0002941813960624301
1.97,0.015014282935563375,0.015014360911478028,0.01501274151070563,0.015016631236947032,0.015018579957627258,0.0002941906771306119
1.98,0.015014220196456094,0.015014297819263132,0.01501268554125209,0.015016558213732354,0.015018498556193506,0.0002941999169025384
1.99,0.015014157737889246,0.015014235009778082,0.01501262982170204,0.015016485516280497,0.015018417509200252,0.0002942091156075231
2.0,0.01501409555833874,0.015014172481454192,0.015012574350721002,0.015016413142854217,0.015018336815210613,0.00029421827347113436
2.01,0.015014033656303025,0.015014110232747459,0.015012519126993154,0.015016341091740566,0.015018256472787891,0.0002942273907153609
2.02,0.015013972030302155,0.01501404826213748,0.015012464149220592,0.015016269361249916,0.01501817648049585,0.00029423646755875763
2.03,0.015013910678876908,0.01501398656812643,0.015012409416122655,0.01501619794971511,0.015018096836899116,0.00029424550421660954
2.04,0.015013849600587974,0.01501392514923807,0.015012354926435307,0.015016126855490636,0.015018017540563259,0.0002942545009010614
2.05,0.015013788794015041,0.015013864004016959,0.01501230067891026,0.01501605607695146,0.015017938590055263,0.0002942634578212518
2.06,0.015013728257756069,0.015013803131027499,0.015012246672314447,0.015015985612492398,0.015017859983943732,0.0002942723751834376
2.07,0.015013667990426556,0.015013742528853083,0.015012192905429484,0.015015915460527362,0.015017781720799164,0.00029428125319112505
2.08,0.015013607990658838,0.015013682196095331,0.015012139377051073,0.015015845619488611,0.015017703799194086,0.00029429009204518
2.09,0.01501354825710146,0.01501362213137351,0.015012086085988412,0.015015776087825967,0.015017626217703377,0.00029429889194392716
2.1,0.015013488788418542,0.015013562333323698,0.015012033031063769,0.01501570686400626,0.015017548974904342,0.00029430765308324243
2.11,0.015013429583289148,0.015013502800598098,0.015011980211111942,0.015015637946512646,0.015017472069377005,0.00029431637565668255
2.12,0.015013370640406842,0.015013443531864559,0.01501192762497992,0.015015569333844125,0.01501739549970432,0.0002943250598555413
2.13,0.015013311958478976,0.015013384525805874,0.015011875271526209,0.01501550102451471,0.015017319264472253,0.0002943337058689546
2.14,0.015013253536226453,0.015013325781119411,0.0150118231496207,0.015015433017053229,0.015017243362269924,0.0002943423138839706
2.15,0.015013195372382817,0.015013267296515913,0.01501177125814414,0.015015365310002601,0.015017167791689807,0.00029435088408565595
2.1599999999999997,0.01501313746569434,0.015013209070720054,0.015011719595987775,0.015015297901919451,0.015017092551327887,0.0002943594166571481
2.17,0.015013079814919254,0.015013151102469261,0.015011668162053021,0.015015230791373617,0.0150170176397837,0.000294367911779696
2.1799999999999997,0.015013022418827378,0.015013093390513368,0.015011616955251076,0.015015163976947677,0.015016943055660618,0.0002943763696327748
2.19,0.015012965276199816,0.015013035933614227,0.015011565974502743,0.01501509745723669,0.015016868797565738,0.0002943847903941303
2.1999999999999997,0.015012908385828536,0.015012978730545374,0.015011515218737973,0.01501503123084762,0.015016794864110113,0.0002943931742398344
2.21,0.015012851746516042,0.015012921780091514,0.015011464686895692,0.015014965296399119,0.015016721253908906,0.00029440152134434754
2.2199999999999998,0.015012795357075026,0.015012865081048283,0.015011414377923436,0.015014899652521035,0.015016647965581323,0.0002944098318805678
2.23,0.015012739216328126,0.01501280863222179,0.015011364290777289,0.015014834297854315,0.015016574997750887,0.00029441810601988413
2.2399999999999998,0.015012683323107474,0.015012752432428363,0.015011314424421303,0.015014769231050308,0.015016502349045342,0.0002944263439322245
2.25,0.01501262767625463,0.015012696480494239,0.015011264777827656,0.015014704450770902,0.015016430018096888,0.00029443454578609714
2.26,0.015012572274620115,0.015012640775255152,0.015011215349976171,0.015014639955687938,0.015016358003542035,0.00029444271174864777
2.27,0.015012517117063296,0.015012585315556238,0.015011166139854194,0.015014575744483049,0.015016286304021943,0.0002944508419856785
2.28,0.015012462202452035,0.015012530100251598,0.015011117146456362,0.015014511815847335,0.015016214918182242,0.00029445893666170804
2.29,0.015012407529662604,0.015012475128204215,0.015011068368784504,0.01501444816848126,0.015016143844673247,0.00029446699593998533
2.3,0.01501235309757926,0.015012420398285431,0.015011019805847351,0.015014384801094257,0.015016073082149846,0.00029447501998257217
2.31,0.01501229890509423,0.015012365909375042,0.015010971456660428,0.015014321712404598,0.015016002629271684,0.000294483008950311
2.32,0.015012244951107466,0.015012311660360936,0.015010923320245917,0.015014258901139213,0.015015932484703209,0.0002944909630028986
2.33,0.015012191234526382,0.015012257650138817,0.015010875395632447,0.015014196366033405,0.01501586264711357,0.0002944988822989142
2.34,0.01501213775426574,0.015012203877612151,0.015010827681854941,0.015014134105830667,0.015015793115176824,0.0002945067669958326
2.35,0.015012084509247431,0.015012150341691819,0.015010780177954501,0.015014072119282528,0.015015723887571848,0.00029451461725006915
2.36,0.015012031498400418,0.015012097041296054,0.015010732882978373,0.015014010405148501,0.015015654962982414,0.0002945224332169951
2.37,0.015011978720660473,0.015012043975350288,0.015010685795979641,0.015013948962195678,0.01501558634009721,0.00029453021505095896
2.38,0.015011926174970065,0.0150119911427869,0.015010638916017196,0.015013887789198726,0.015015518017609841,0.00029453796290531575
2.3899999999999997,0.015011873860278167,0.015011938542544971,0.015010592242155636,0.015013826884939708,0.015015449994218933,0.00029454567693245785
2.4,0.015011821775540382,0.015011886173570677,0.015010545773465169,0.015013766248207985,0.015015382268628004,0.0002945533572838299
2.4099999999999997,0.015011769919718428,0.015011834034816362,0.015010499509021441,0.015013705877799993,0.015015314839545654,0.0002945610041099042
2.42,0.015011718291780248,0.015011782125240881,0.015010453447905489,0.015013645772519173,0.015015247705685441,0.00029456861756029656
2.4299999999999997,0.015011666890699856,0.015011730443809407,0.015010407589203613,0.015013585931175796,0.015015180865765922,0.00029457619778370614
2.44,0.015011615715457234,0.015011678989493255,0.015010361932007337,0.015013526352586942,0.015015114318510736,0.0002945837449279645
2.4499999999999997,0.015011564765038224,0.015011627761269838,0.015010316475413283,0.015013467035576288,0.015015048062648549,0.0002945912591400355
2.46,0.01501151403843437,0.015011576758122478,0.015010271218523021,0.015013407978973985,0.015014982096913133,0.0002945987405660502
2.4699999999999998,0.015011463534642966,0.01501152597904038,0.015010226160443198,0.015013349181616746,0.015014916420043075,0.0002946061893512987
2.48,0.015011413252666772,0.015011475423018382,0.015010181300285239,0.01501329064234751,0.015014851030782275,0.0002946136056402848
2.4899999999999998,0.015011363191514096,0.015011425089057152,0.015010136637165354,0.015013232360015422,0.0150147859278796,0.00029462098957667423
2.5,0.015011313350198592,0.015011374976162742,0.015010092170204502,0.015013174333475814,0.015014721110088959,0.00029462834130337745
2.51,0.01501126372773926,0.01501132508334671,0.015010047898528344,0.015013116561590116,0.015014656576169336,0.0002946356609625282
2.52,0.015011214323160273,0.015011275409625971,0.015010003821267036,0.015013059043225611,0.015014592324884814,0.000294642948695496
2.53,0.015011165135491049,0.015011225954022826,0.01500995993755534,0.01501300177725556,0.015014528355004475,0.0002946502046428963
2.54,0.015011116163766084,0.015011176715564784,0.01500991624653249,0.015012944762559034,0.015014464665302442,0.0002946574289446014
2.55,0.0150110674070248,0.015011127693284344,0.015009872747342088,0.015012887998020787,0.01501440125455792,0.0002946646217397832
2.56,0.015011018864311698,0.015011078886219251,0.015009829439132158,0.015012831482531321,0.015014338121555074,0.0002946717831668705
2.57,0.01501097053467611,0.015011030293412213,0.015009786321054997,0.015012775214986675,0.015014275265083333,0.00029467891336359
2.58,0.015010922417172234,0.015010981913910882,0.015009743392267186,0.015012719194288466,0.015014212683936936,0.00029468601246697277
2.59,0.015010874510859038,0.015010933746767782,0.015009700651929511,0.015012663419343791,0.015014150376915166,0.00029469308061335774
2.6,0.015010826814800222,0.015010885791040311,0.01500965809920692,0.015012607889065123,0.0150140883428224,0.0002947001179384036
2.61,0.015010779328064147,0.015010838045790547,0.015009615733268524,0.015012552602370362,0.015014026580467925,0.00029470712457709756
2.6199999999999997,0.015010732049723783,0.015010790510085342,0.015009573553287433,0.015012497558182614,0.015013965088666084,0.0002947141006637607
2.63,0.015010684978856667,0.01501074318299613,0.015009531558440868,0.01501244275543031,0.015013903866236166,0.0002947210463320661
2.6399999999999997,0.015010638114544941,0.015010696063599182,0.015009489747909999,0.01501238819304702,0.015013842912002485,0.00029472796171500185
2.65,0.015010591455875123,0.01501064915097503,0.01500944812088002,0.015012333869971538,0.015013782224794206,0.0002947348469449568
2.6599999999999997,0.015010545001938195,0.015010602444208883,0.01500940667653996,0.015012279785147655,0.015013721803445613,0.0002947417021536598
2.67,0.015010498751829542,0.015010555942390343,0.015009365414082824,0.015012225937524316,0.015013661646795757,0.0002947485274722181
2.6799999999999997,0.015010452704648878,0.015010509644613455,0.015009324332705402,0.015012172326055383,0.015013601753688714,0.0002947553230311121
2.69,0.01501040685950026,0.0150104635499767,0.015009283431608325,0.015012118949699721,0.01501354212297342,0.00029476208896020195
2.6999999999999997,0.015010361215491966,0.015010417657582778,0.015009242709996012,0.015012065807421109,0.015013482753503728,0.00029476882538874487
2.71,0.01501031577173656,0.015010371966538783,0.015009202167076656,0.015012012898188223,0.015013423644138343,0.0002947755324453845
2.7199999999999998,0.015010270527350725,0.015010326475956006,0.015009161802062071,0.015011960220974473,0.015013364793740812,0.00029478221025816786
2.73,0.015010225481455445,0.015010281184950035,0.015009121614167963,0.015011907774758275,0.015013306201179627,0.00029478885895453856
2.7399999999999998,0.015010180633175692,0.015010236092640562,0.015009081602613505,0.015011855558522608,0.015013247865328023,0.00029479547866136037
2.75,0.015010135981640608,0.015010191198151446,0.015009041766621607,0.015011803571255292,0.015013189785064137,0.0002948020695049076
2.76,0.015010091525983378,0.015010146500610723,0.015009002105418768,0.015011751811948764,0.015013131959270877,0.0002948086316108701
2.77,0.015010047265341192,0.015010101999150401,0.015008962618235004,0.015011700279600138,0.01501307438683588,0.00029481516510437134
2.78,0.015010003198855306,0.015010057692906644,0.015008923304304044,0.015011648973211196,0.015013017066651656,0.0002948216701099519
2.79,0.015009959325670882,0.015010013581019575,0.01500888416286297,0.01501159789178823,0.015012959997615425,0.0002948281467515952
2.8,0.01500991564493707,0.01500996966263332,0.015008845193152506,0.015011547034342158,0.015012903178629126,0.00029483459515271666
2.81,0.015009872155806906,0.015009925936895967,0.015008806394416768,0.01501149639988836,0.015012846608599448,0.0002948410154361723
2.82,0.015009828857437336,0.015009882402959534,0.01500876776590338,0.015011445987446775,0.015012790286437734,0.0002948474077242672
2.83,0.015009785748989162,0.015009839059979943,0.01500872930686338,0.01501139579604177,0.015012734211060159,0.0002948537721387534
2.84,0.015009742829626999,0.01500979590711699,0.015008691016551204,0.015011345824702113,0.01501267838138745,0.00029486010880083513
2.85,0.015009700098519313,0.015009752943534321,0.015008652894224732,0.015011296072461067,0.015012622796345045,0.00029486641783117484
2.86,0.015009657554838313,0.015009710168399403,0.015008614939145144,0.015011246538356185,0.015012567454863013,0.0002948726993498946
2.8699999999999997,0.015009615197759936,0.015009667580883485,0.015008577150576923,0.0150111972214293,0.015012512355875935,0.00029487895347658576
2.88,0.01500957302646403,0.015009625180161594,0.015008539527788188,0.015011148120726972,0.015012457498323169,0.0002948851803302964
2.8899999999999997,0.015009531040133991,0.015009582965412544,0.015008502070050023,0.01501109923529963,0.015012402881148553,0.0002948913800295562
2.9,0.015009489237956957,0.015009540935818872,0.015008464776636926,0.015011050564202122,0.015012348503300575,0.0002948975526923528
2.9099999999999997,0.015009447619123708,0.015009499090566758,0.015008427646826627,0.015011002106493507,0.015012294363732187,0.00029490369843617034
2.92,0.015009406182828713,0.01500945742884612,0.015008390679900157,0.015010953861237138,0.015012240461400947,0.00029490981737796
2.9299999999999997,0.015009364928270048,0.01500941594985049,0.01500835387514176,0.015010905827500535,0.01501218679526889,0.0002949159096341616
2.94,0.015009323854649379,0.015009374652777064,0.015008317231838875,0.015010858004355367,0.015012133364302562,0.00029492197532070144
2.9499999999999997,0.01500928296117198,0.015009333536826628,0.015008280749282147,0.015010810390877493,0.015012080167473013,0.00029492801455299435
2.96,0.015009242247046682,0.015009292601203584,0.015008244426765429,0.015010762986146916,0.015012027203755716,0.00029493402744594916
2.9699999999999998,0.01500920171148585,0.015009251845115902,0.01500820826358565,0.015010715789247656,0.015011974472130724,0.0002949400141139634
2.98,0.01500916135370539,0.015009211267775099,0.015008172259042982,0.015010668799267936,0.015011921971582201,0.0002949459746709394
2.9899999999999998,0.015009121172924694,0.015009170868396211,0.015008136412440655,0.015010622015299959,0.015011869701099056,0.0002949519092302775
3.0,0.015009081168366646,0.015009130646197782,0.015008100723085033,0.015010575436440016,0.015011817659674449,0.0002949578179048846
3.01,0.015009041339257604,0.0150090906004019,0.015008065190285559,0.015010529061788375,0.015011765846305937,0.00029496370080717073
3.02,0.015009001684827368,0.01500905073023407,0.015008029813354768,0.01501048289044934,0.01501171425999541,0.0002949695580490512
3.03,0.015008962204309183,0.015009011034923286,0.015007994591608254,0.015010436921531181,0.015011662899749135,0.00029497538974195816
3.04,0.015008922896939744,0.01500897151370211,0.015007959524364626,0.015010391154146107,0.015011611764577729,0.00029498119599681913
3.05,0.015008883761958924,0.015008932165805993,0.015007924610945562,0.015010345587410294,0.015011560853496028,0.00029498697692412754
3.06,0.01500884479861025,0.015008892990474466,0.015007889850675705,0.015010300220443794,0.01501151016552324,0.00029499273263385
3.07,0.0150088060061405,0.015008853986950076,0.015007855242882756,0.015010255052370617,0.015011459699682735,0.00029499846323547964
3.08,0.015008767383799769,0.015008815154478843,0.015007820786897335,0.015010210082318573,0.015011409455002196,0.00029500416883804144
3.09,0.015008728930841517,0.015008776492310092,0.01500778648205309,0.015010165309419414,0.01501135943051362,0.0002950098495500851
3.0999999999999996,0.01500869064652247,0.015008737999696459,0.015007752327686561,0.015010120732808658,0.015011309625253091,0.00029501550547968906
3.11,0.015008652530102714,0.015008699675893968,0.015007718323137294,0.01501007635162571,0.015011260038260955,0.0002950211367344592
3.1199999999999997,0.015008614580845526,0.015008661520161866,0.015007684467747695,0.015010032165013712,0.015011210668581727,0.0002950267434215399
3.13,0.015008576798017507,0.01500862353176272,0.015007650760863113,0.01500998817211963,0.015011161515264116,0.0002950323256476065
3.1399999999999997,0.015008539180888458,0.01500858570996232,0.01500761720183178,0.015009944372094169,0.015011112577360926,0.0002950378835188748
3.15,0.01500850172873145,0.01500854805402978,0.015007583790004829,0.015009900764091815,0.015011063853929139,0.00029504341714109677
3.1599999999999997,0.01500846444082274,0.01500851056323738,0.015007550524736237,0.015009857347270754,0.015011015344029814,0.0002950489266195685
3.17,0.015008427316441784,0.015008473236860663,0.015007517405382826,0.015009814120792869,0.015010967046728116,0.0002950544120591266
3.1799999999999997,0.015008390354871226,0.015008436074178328,0.015007484431304305,0.015009771083823785,0.01501091896109326,0.00029505987356415696
3.19,0.01500835355539686,0.015008399074472295,0.01500745160186314,0.015009728235532739,0.015010871086198599,0.00029506531123859426
3.1999999999999997,0.015008316917307665,0.015008362237027631,0.0150074189164247,0.01500968557509271,0.015010823421121425,0.00029507072518592333
3.21,0.015008280439895723,0.015008325561132544,0.015007386374357098,0.015009643101680275,0.01501077596494318,0.00029507611550918286
3.2199999999999998,0.015008244122456252,0.015008289046078474,0.015007353975031201,0.015009600814475572,0.015010728716749135,0.0002950814823109549
3.23,0.015008207964287564,0.015008252691159872,0.0150073217178207,0.015009558712662428,0.015010681675628716,0.0002950868256933942
3.2399999999999998,0.015008171964691099,0.01500821649567438,0.01500728960210206,0.015009516795428262,0.015010634840675292,0.0002950921457582
3.25,0.01500813612297133,0.015008180458922675,0.015007257627254453,0.015009475061964019,0.015010588210986142,0.00029509744260664163
3.26,0.01500810043843581,0.015008144580208563,0.015007225792659793,0.015009433511464217,0.01501054178566247,0.00029510271633954795
3.27,0.015008064910395144,0.015008108858838864,0.015007194097702748,0.01500939214312695,0.015010495563809461,0.0002951079670573145
3.28,0.015008029538162972,0.015008073294123504,0.015007162541770659,0.01500935095615379,0.015010449544536245,0.0002951131948598998
3.29,0.015007994321055965,0.01500803788537546,0.015007131124253578,0.015009309949749824,0.015010403726955675,0.00029511839984682663
3.3,0.015007959258393766,0.015008002631910669,0.01500709984454423,0.015009269123123637,0.015010358110184668,0.0002951235821171976
3.31,0.015007924349499045,0.0150079675330481,0.015007068702038048,0.01500922847548732,0.015010312693343877,0.0002951287417696833
3.32,0.015007889593697452,0.015007932588109766,0.015007037696133091,0.015009188006056388,0.015010267475557853,0.00029513387890252573
3.33,0.01500785499031758,0.015007897796420607,0.015007006826230084,0.015009147714049804,0.015010222455954927,0.00029513899361354774
3.34,0.01500782053869099,0.015007863157308537,0.015006976091732384,0.015009107598689998,0.01501017763366724,0.00029514408600014874
3.3499999999999996,0.015007786238152175,0.015007828670104473,0.01500694549204596,0.015009067659202744,0.01501013300783082,0.0002951491561593027
3.36,0.015007752088038548,0.0150077943341422,0.015006915026579408,0.015009027894817279,0.01501008857758531,0.00029515420418757706
3.3699999999999997,0.015007718087690386,0.0150077601487585,0.015006884694743818,0.015008988304766057,0.015010044342074242,0.00029515923018110966
3.38,0.01500768423645139,0.01500772611329314,0.015006854495953683,0.015008948888285925,0.015010000300444859,0.0002951642342356177
3.3899999999999997,0.015007650533666931,0.015007692227088552,0.015006824429624208,0.015008909644614767,0.01500995645184807,0.0002951692164464306
3.4,0.015007616978686333,0.01500765848949022,0.015006794495174856,0.015008870572995919,0.015009912795438562,0.0002951741769084579
3.4099999999999997,0.015007583570861448,0.01500762489984649,0.015006764692027124,0.015008831672675343,0.015009869330374688,0.00029517911571618947
3.42,0.015007550309546954,0.015007591457508525,0.015006735019605009,0.015008792942902313,0.015009826055818461,0.00029518403296371865
3.4299999999999997,0.0150075171941004,0.015007558161830435,0.01500670547733505,0.01500875438292939,0.01500978297093561,0.000295188928744721
3.44,0.015007484223882133,0.015007525012169074,0.015006676064646337,0.015008715992012447,0.015009740074895446,0.00029519380315247575
3.4499999999999997,0.015007451398255305,0.015007492007884154,0.015006646780970433,0.015008677769410578,0.015009697366870942,0.0002951986562798619
3.46,0.015007418716585882,0.015007459148338186,0.015006617625741434,0.015008639714386176,0.015009654846038719,0.000295203488219357
3.4699999999999998,0.015007386178242604,0.015007426432896534,0.015006588598395869,0.015008601826204792,0.015009612511578924,0.00029520829906302856
3.48,0.015007353782596974,0.015007393860927268,0.015006559698372795,0.015008564104135265,0.015009570362675315,0.0002952130889025646
3.4899999999999998,0.01500732152902327,0.015007361431801296,0.0150065309251137,0.015008526547449613,0.015009528398515243,0.0002952178578292462
3.5,0.015007289416898498,0.015007329144892256,0.015006502278062528,0.015008489155423028,0.015009486618289606,0.00029522260593396255
3.51,0.01500725744560242,0.01500729699957652,0.015006473756665707,0.015008451927333955,0.015009445021192851,0.00029522733330721767
3.52,0.015007225614517485,0.015007264995233213,0.01500644536037202,0.01500841486246388,0.015009403606422876,0.00029523204003912006
3.53,0.015007193923028893,0.0150072331312442,0.015006417088632741,0.015008377960097546,0.015009362373181161,0.00029523672621938984
3.54,0.015007162370524515,0.015007201406994079,0.015006388940901488,0.015008341219522743,0.015009321320672639,0.00029524139193735536
3.55,0.015007130956394913,0.015007169821870085,0.015006360916634327,0.015008304640030452,0.015009280448105717,0.0002952460372819683
3.56,0.015007099680033322,0.015007138375262151,0.01500633301528971,0.01500826822091474,0.015009239754692313,0.0002952506623417979
3.57,0.015007068540835647,0.015007107066562936,0.015006305236328439,0.015008231961472747,0.015009199239647737,0.000295255267205023
3.5799999999999996,0.015007037538200454,0.01500707589516774,0.015006277579213724,0.015008195861004747,0.01500915890219074,0.000295259851959448
3.59,0.015007006671528888,0.015007044860474484,0.015006250043411053,0.015008159918813971,0.015009118741543488,0.00029526441669249756
3.5999999999999996,0.015006975940224824,0.01500701396188381,0.01500622262838837,0.015008124134206852,0.015009078756931556,0.0002952689614912134
3.61,0.01500694534369467,0.01500698319879891,0.01500619533361588,0.015008088506492762,0.015009038947583929,0.00029527348644227283
3.6199999999999997,0.015006914881347456,0.015006952570625608,0.01500616815856613,0.015008053034984117,0.015008999312732921,0.00029527799163197004
3.63,0.015006884552594779,0.015006922076772346,0.015006141102713933,0.01500801771899629,0.015008959851613794,0.0002952824771462363
3.6399999999999997,0.015006854356850877,0.015006891716650187,0.015006114165536493,0.015007982557847757,0.01500892056346643,0.0002952869430706235
3.65,0.0150068242935325,0.015006861489672702,0.015006087346513262,0.015007947550859933,0.015008881447532787,0.0002952913894903216
3.6599999999999997,0.015006794362059015,0.015006831395256137,0.015006060645125992,0.015007912697357208,0.015008842503058494,0.00029529581649014654
3.67,0.015006764561852286,0.015006801432819229,0.015006034060858698,0.015007877996666929,0.015008803729292539,0.0002953002241545508
3.6799999999999997,0.015006734892336731,0.015006771601783252,0.015006007593197687,0.015007843448119413,0.015008765125487189,0.0002953046125676262
3.69,0.015006705352939282,0.015006741901572074,0.015005981241631439,0.015007809051047847,0.015008726690897974,0.00029530898181309576
3.6999999999999997,0.015006675943089446,0.015006712331612156,0.01500595500565079,0.015007774804788413,0.015008688424783652,0.0002953133319743134
3.71,0.01500664666221908,0.015006682891332166,0.01500592888474873,0.015007740708680158,0.015008650326406263,0.00029531766313431186
3.7199999999999998,0.015006617509762683,0.015006653580163625,0.015005902878420494,0.015007706762065021,0.015008612395031044,0.00029532197537572065
3.73,0.015006588485157138,0.015006624397540382,0.015005876986163489,0.015007672964287776,0.015008574629926448,0.00029532626878083325
3.7399999999999998,0.015006559587841915,0.015006595342898816,0.015005851207477489,0.01500763931469628,0.015008537030364167,0.0002953305434315851
3.75,0.015006530817258832,0.01500656641567774,0.015005825541864295,0.015007605812641026,0.015008499595619057,0.0002953347994095596
3.76,0.015006502172852194,0.01500653761531848,0.015005799988827943,0.01500757245747541,0.01500846232496914,0.0002953390367959814
3.77,0.015006473654068712,0.015006508941264755,0.01500577454787462,0.015007539248555638,0.01500842521769555,0.00029534325567173475
3.78,0.01500644526035757,0.015006480392962753,0.015005749218512747,0.015007506185240816,0.015008388273082636,0.00029534745611734843
3.79,0.015006416991170364,0.015006451969861077,0.015005724000252888,0.015007473266892845,0.015008351490417893,0.00029535163821300654
3.8,0.015006388845961028,0.015006423671410788,0.015005698892607638,0.015007440492876264,0.015008314868991852,0.0002953558020385422
3.8099999999999996,0.015006360824185981,0.015006395497065316,0.015005673895091887,0.015007407862558605,0.015008278408098215,0.000295359947673447
3.82,0.01500633292530394,0.015006367446280427,0.015005649007222571,0.015007375375310057,0.015008242107033708,0.0002953640751968796
3.8299999999999996,0.015006305148776053,0.015006339518514376,0.015005624228518755,0.01500734303050359,0.015008205965098196,0.00029536818468764306
3.84,0.015006277494065816,0.015006311713227768,0.015005599558501616,0.015007310827514912,0.015008169981594556,0.0002953722762242012
3.8499999999999996,0.015006249960639048,0.015006284029883498,0.015005574996694436,0.015007278765722477,0.0150081341558288,0.0002953763498846866
3.86,0.015006222547964005,0.015006256467946998,0.01500555054262261,0.015007246844507488,0.015008098487109862,0.00029538040574689093
3.8699999999999997,0.015006195255511157,0.015006229026885844,0.015005526195813568,0.015007215063253802,0.015008062974749792,0.0002953844438882612
3.88,0.015006168082753311,0.015006201706170036,0.015005501955796773,0.015007183421347912,0.015008027618063573,0.00029538846438592484
3.8899999999999997,0.015006141029165712,0.015006174505271851,0.015005477822103994,0.015007151918179326,0.015007992416369253,0.0002953924673166735
3.9,0.015006114094225765,0.015006147423665966,0.015005453794268764,0.015007120553139838,0.015007957368987853,0.0002953964527569568
3.9099999999999997,0.015006087277413205,0.015006120460829286,0.015005429871826773,0.015007089325624055,0.015007922475243275,0.0002954004207829029
3.92,0.015006060578210072,0.015006093616241046,0.01500540605431577,0.01500705823502926,0.015007887734462511,0.00029540437147030946
3.9299999999999997,0.015006033996100666,0.015006066889382753,0.015005382341275509,0.015007027280755359,0.015007853145975464,0.0002954083048946439
3.94,0.015006007530571528,0.015006040279738184,0.015005358732247745,0.015006996462204852,0.01500781870911487,0.00029541222113105167
3.9499999999999997,0.015005981181111445,0.015006013786793346,0.015005335226776257,0.015006965778782867,0.015007784423216479,0.0002954161202543542
3.96,0.015005954947211518,0.015005987410036609,0.01500531182440686,0.015006935229897198,0.015007750287618955,0.0002954200023390455
3.9699999999999998,0.015005928828365028,0.015005961148958507,0.01500528852468733,0.015006904814958184,0.015007716301663792,0.000295423867459282
3.98,0.01500590282406738,0.015005935003051661,0.015005265327167394,0.015006874533378707,0.015007682464695388,0.00029542771568895625
3.9899999999999998,0.015005876933816366,0.015005908971811173,0.015005242231398831,0.01500684438457432,0.015007648776061075,0.00029543154710158216
4.0,0.015005851157111881,0.015005883054734246,0.015005219236935322,0.015006814367963053,0.015007615235110969,0.0002954353617703752
4.01,0.015005825493456042,0.015005857251320307,0.015005196343332527,0.015006784482965507,0.015007581841198001,0.00029543915976823563
4.02,0.015005799942353118,0.015005831561070933,0.015005173550148044,0.015006754729004817,0.015007548593678031,0.0002954429411677514
4.03,0.015005774503309628,0.015005805983489943,0.015005150856941497,0.01500672510550675,0.015007515491909675,0.0002954467060411925
4.04,0.015005749175834117,0.015005780518083309,0.015005128263274237,0.015006695611899313,0.015007482535254362,0.0002954504544605155
4.05,0.015005723959437398,0.015005755164359126,0.015005105768709738,0.015006666247613296,0.015007449723076301,0.00029545418649737305
4.06,0.0150056988536324,0.015005729921827707,0.01500508337281332,0.015006637012081879,0.01500741705474252,0.0002954579022231043
4.069999999999999,0.015005673857934165,0.015005704790001476,0.015005061075152183,0.015006607904740694,0.015007384529622764,0.0002954616017087371
4.08,0.015005648971859896,0.015005679768394991,0.015005038875295489,0.015006578925027925,0.015007352147089629,0.00029546528502499863
4.09,0.015005624194928896,0.015005654856524959,0.01500501677281425,0.015006550072384174,0.015007319906518386,0.0002954689522423039
4.1,0.015005599526662545,0.015005630053910195,0.01500499476728132,0.01500652134625243,0.015007287807287039,0.00029547260343076734
4.109999999999999,0.015005574966584416,0.015005605360071674,0.015004972858271534,0.015006492746078265,0.015007255848776307,0.0002954762386601928
4.12,0.015005550514220038,0.015005580774532339,0.015004951045361486,0.015006464271309547,0.015007224030369663,0.0002954798580000968
4.13,0.015005526169097108,0.015005556296817355,0.015004929328129666,0.015006435921396607,0.015007192351453244,0.00029548346151968367
4.14,0.015005501930745353,0.015005531926453937,0.01500490770615637,0.015006407695792135,0.015007160811415832,0.00029548704928785877
4.1499999999999995,0.015005477798696628,0.015005507662971327,0.015004886179023878,0.01500637959395139,0.015007129409649033,0.0002954906213732356
4.16,0.015005453772484773,0.01500548350590089,0.01500486474631615,0.015006351615331837,0.015007098145546974,0.00029549417784412353
4.17,0.015005429851645671,0.015005459454776004,0.015004843407619003,0.01500632375939335,0.015007067018506483,0.0002954977187685412
4.18,0.01500540603571729,0.015005435509132106,0.015004822162520129,0.015006296025598245,0.015007036027927021,0.0002955012442142134
4.1899999999999995,0.015005382324239591,0.015005411668506675,0.015004801010608993,0.015006268413411147,0.015007005173210696,0.0002955047542485684
4.2,0.015005358716754536,0.015005387932439204,0.015004779951476829,0.01500624092229898,0.015006974453762176,0.00029550824893874884
4.21,0.01500533521280609,0.01500536430047117,0.015004758984716687,0.015006213551731049,0.0150069438689888,0.0002955117283516048
4.22,0.01500531181194029,0.01500534077214617,0.015004738109923439,0.015006186301179012,0.015006913418300476,0.0002955151925536888
4.2299999999999995,0.015005288513705093,0.015005317347009708,0.015004717326693683,0.015006159170116794,0.015006883101109685,0.000295518641611274
4.24,0.015005265317650463,0.015005294024609326,0.015004696634625808,0.015006132158020635,0.015006852916831459,0.0002955220755903445
4.25,0.015005242223328313,0.01500527080449447,0.015004676033319968,0.01500610526436908,0.015006822864883475,0.0002955254945566029
4.26,0.015005219230292561,0.015005247686216678,0.015004655522378061,0.015006078488642957,0.015006792944685876,0.0002955288985754592
4.27,0.01500519633809906,0.015005224669329388,0.015004635101403745,0.015006051830325369,0.015006763155661362,0.00029553228771204407
4.28,0.015005173546305586,0.015005201753387968,0.015004614770002395,0.015006025288901664,0.015006733497235285,0.00029553566203121336
4.29,0.015005150854471884,0.015005178937949788,0.015004594527781126,0.015005998863859457,0.015006703968835168,0.0002955390215975324
4.3,0.015005128262159488,0.015005156222574121,0.015004574374348581,0.015005972554688348,0.015006674569891396,0.0002955423664752915
4.31,0.015005105768932254,0.015005133606822204,0.015004554309315738,0.015005946360880979,0.01500664529983672,0.0002955456967285037
4.319999999999999,0.01500508337435557,0.015005111090257229,0.015004534332294647,0.015005920281931394,0.015006616158106351,0.000295549012420894
4.33,0.015005061077996809,0.015005088672444208,0.015004514442899243,0.0150058943173361,0.015006587144137983,0.00029555231361592867
4.34,0.015005038879425291,0.015005066352950123,0.015004494640745223,0.015005868466593872,0.015006558257371823,0.0002955556003767885
4.35,0.015005016778212213,0.01500504413134388,0.015004474925449903,0.015005842729205611,0.015006529497250422,0.00029555887276637774
4.359999999999999,0.015004994773930634,0.01500502200719617,0.01500445529663232,0.015005817104674477,0.015006500863218914,0.00029556213084734205
4.37,0.015004972866155517,0.015004999980079703,0.01500443575391318,0.015005791592505754,0.015006472354724737,0.0002955653746820394
4.38,0.015004951054463657,0.01500497804956897,0.01500441629691481,0.015005766192206898,0.015006443971217814,0.0002955686043325671
4.39,0.015004929338433696,0.015004956215240306,0.01500439692526124,0.015005740903287539,0.015006415712150471,0.0002955718198607582
4.3999999999999995,0.015004907717646156,0.015004934476671974,0.015004377638578125,0.015005715725259442,0.015006387576977389,0.000295575021328168
4.41,0.015004886191683412,0.015004912833444075,0.015004358436492808,0.015005690657636567,0.015006359565155647,0.000295578208796088
4.42,0.015004864760129605,0.015004891285138551,0.015004339318634145,0.015005665699934851,0.015006331676144744,0.00029558138232553966
4.43,0.01500484342257074,0.015004869831339088,0.015004320284632765,0.015005640851672533,0.015006303909406505,0.00029558454197729783
4.4399999999999995,0.015004822178594649,0.015004848471631324,0.015004301334120848,0.01500561611236987,0.0150062762644051,0.0002955876878118536
4.45,0.01500480102779095,0.015004827205602644,0.01500428246673218,0.01500559148154923,0.015006248740607134,0.00029559081988944587
4.46,0.015004779969751051,0.015004806032842249,0.015004263682102165,0.01500556695873506,0.015006221337481439,0.0002955939382700529
4.47,0.015004759004068178,0.01500478495294115,0.01500424497986781,0.015005542543453917,0.015006194054499206,0.0002955970430133891
4.4799999999999995,0.015004738130337317,0.015004763965492147,0.015004226359667706,0.015005518235234416,0.015006166891133984,0.0002956001341789124
4.49,0.015004717348155241,0.01500474307008983,0.015004207821142031,0.015005494033607236,0.015006139846861602,0.0002956032118258235
4.5,0.01500469665712051,0.01500472226633057,0.015004189363932574,0.015005469938105151,0.015006112921160148,0.00029560627601306507
4.51,0.015004676056833397,0.015004701553812486,0.015004170987682633,0.015005445948262919,0.015006086113510024,0.00029560932679932556
4.52,0.015004655546895989,0.015004680932135493,0.01500415269203714,0.015005422063617407,0.015006059423393907,0.00029561236424303564
4.529999999999999,0.015004635126912042,0.015004660400901208,0.01500413447664251,0.015005398283707427,0.015006032850296733,0.0002956153884023803
4.54,0.01500461479648714,0.015004639959713063,0.015004116341146803,0.015005374608073921,0.015006006393705699,0.0002956183993352841
4.55,0.015004594555228498,0.015004619608176185,0.01500409828519949,0.015005351036259678,0.015005980053110117,0.00029562139709942353
4.56,0.015004574402745108,0.015004599345897417,0.015004080308451689,0.015005327567809635,0.015005953828001923,0.0002956243817522288
4.569999999999999,0.015004554338647677,0.01500457917248536,0.015004062410556011,0.015005304202270675,0.015005927717874878,0.00029562735335087755
4.58,0.01500453436254861,0.015004559087550317,0.015004044591166596,0.015005280939191661,0.015005901722225101,0.0002956303119522987
4.59,0.01500451447406201,0.015004539090704287,0.015004026849939109,0.015005257778123459,0.015005875840550917,0.00029563325761317727
4.6,0.015004494672803695,0.015004519181561012,0.015004009186530729,0.015005234718618893,0.015005850072352844,0.00029563619038994806
4.609999999999999,0.01500447495839113,0.015004499359735898,0.015003991600600093,0.015005211760232697,0.015005824417133594,0.00029563911033880487
4.62,0.015004455330443563,0.01500447962484623,0.015003974091807386,0.015005188902521617,0.015005798874398039,0.0002956420175156616
4.63,0.015004435788581598,0.015004459976510304,0.015003956659814242,0.01500516614504428,0.015005773443653218,0.0002956449119763032
4.64,0.015004416332427871,0.015004440414348851,0.015003939304283826,0.015005143487361334,0.015005748124408379,0.00029564779377615164
4.6499999999999995,0.015004396961606528,0.015004420937983966,0.015003922024880772,0.015005120929035309,0.015005722916174845,0.00029565066297042964
4.66,0.015004377675743336,0.01500440154703941,0.015003904821271122,0.015005098469630588,0.015005697818466144,0.0002956535196141229
4.67,0.015004358474465742,0.015004382241140616,0.015003887693122454,0.015005076108713544,0.015005672830797867,0.0002956563637619766
4.68,0.015004339357402826,0.01500436301991463,0.015003870640103783,0.015005053845852443,0.015005647952687783,0.0002956591954684993
4.6899999999999995,0.015004320324185241,0.015004343882990108,0.015003853661885549,0.015005031680617382,0.01500562318365575,0.0002956620147879687
4.7,0.015004301374445344,0.015004324829997398,0.015003836758139709,0.015005009612580453,0.015005598523223751,0.0002956648217744201
4.71,0.015004282507817037,0.015004305860568442,0.015003819928539571,0.015004987641315503,0.015005573970915764,0.0002956676164816523
4.72,0.015004263723935858,0.015004286974336789,0.015003803172759936,0.015004965766398313,0.015005549526258004,0.00029567039896323684
4.7299999999999995,0.015004245022438929,0.01500426817093759,0.015003786490477001,0.015004943987406505,0.015005525188778644,0.00029567316927251006
4.74,0.015004226402964964,0.01500424945000761,0.015003769881368393,0.015004922303919548,0.015005500958007989,0.0002956759274625778
4.75,0.01500420786515426,0.015004230811185182,0.015003753345113143,0.015004900715518753,0.01500547683347837,0.00029567867358631705
4.76,0.0150041894086487,0.015004212254110243,0.015003736881391722,0.01500487922178729,0.015005452814724157,0.000295681407696374
4.77,0.015004171033091736,0.015004193778424336,0.015003720489885955,0.015004857822310109,0.015005428901281785,0.00029568412984515936
4.779999999999999,0.015004152738128381,0.015004175383770512,0.015003704170279115,0.015004836516674043,0.015005405092689711,0.00029568684008487046
4.79,0.01500413452340519,0.015004157069793455,0.015003687922255794,0.015004815304467636,0.015005381388488438,0.00029568953846746367
4.8,0.01500411638857028,0.015004138836139325,0.015003671745502052,0.015004794185281353,0.015005357788220382,0.00029569222504468353
4.81,0.015004098333273343,0.015004120682455963,0.015003655639705262,0.015004773158707374,0.015005334291430085,0.0002956948998680343
4.819999999999999,0.015004080357165559,0.015004102608392607,0.015003639604554218,0.015004752224339717,0.015005310897664015,0.0002956975629888114
4.83,0.015004062459899659,0.015004084613600144,0.01500362363973903,0.01500473138177413,0.015005287606470642,0.0002957002144580774
4.84,0.015004044641129883,0.015004066697730923,0.015003607744951188,0.015004710630608148,0.015005264417400434,0.00029570285432667956
4.85,0.015004026900511993,0.015004048860438813,0.01500359191988355,0.0150046899704411,0.01500524133000576,0.0002957054826452464
4.859999999999999,0.01500400923770328,0.015004031101379288,0.015003576164230299,0.015004669400874025,0.015005218343841038,0.0002957080994641746
4.87,0.01500399165236249,0.015004013420209213,0.015003560477686952,0.015004648921509716,0.015005195458462567,0.0002957107048336566
4.88,0.015003974144149924,0.01500399581658706,0.0150035448599504,0.015004628531952752,0.01500517267342863,0.00029571329880365724
4.89,0.015003956712727322,0.01500397829017273,0.015003529310718815,0.01500460823180938,0.015005149988299455,0.0002957158814239275
4.8999999999999995,0.015003939357757934,0.01500396084062764,0.015003513829691735,0.015004588020687623,0.015005127402637175,0.00029571845274400395
4.91,0.015003922078906488,0.015003943467614711,0.015003498416569994,0.015004567898197204,0.01500510491600579,0.00029572101281320534
4.92,0.015003904875839186,0.015003926170798338,0.015003483071055751,0.015004547863949558,0.015005082527971293,0.0002957235616806334
4.93,0.015003887748223664,0.015003908949844333,0.015003467792852457,0.015004527917557825,0.015005060238101532,0.0002957260993951833
4.9399999999999995,0.015003870695729043,0.015003891804420022,0.01500345258166487,0.015004508058636838,0.015005038045966255,0.00029572862600553754
4.95,0.015003853718025576,0.01500387473419418,0.015003437437198558,0.01500448828680246,0.015005015951137112,0.0002957311415601625
4.96,0.0150038368147858,0.015003857738836906,0.015003422359161802,0.015004468601674145,0.015004993953187593,0.0002957336461073354
4.97,0.015003819985683009,0.015003840818020106,0.015003407347262817,0.015004449002871212,0.015004972051693074,0.0002957361396950745
4.9799999999999995,0.015003803230391983,0.01500382397141676,0.015003392401211454,0.015004429490015122,0.015004950246230811,0.00029573862237123385
4.99,0.015003786548589058,0.015003807198701468,0.015003377520718892,0.015004410062729094,0.01500492853637989,0.00029574109418344135
